"ddg.num","ddg.type","ddg.from","ddg.to"
1,"cf","p1","p2"
2,"df.out","p2","d1"
3,"cf","p2","p3"
4,"df.out","p3","d2"
5,"cf","p3","p4"
6,"df.out","p4","d3"
7,"cf","p4","p5"
8,"df.in","d4","p5"
9,"df.out","p5","d5"
10,"cf","p5","p6"
11,"df.in","d1","p6"
12,"df.in","d3","p6"
13,"df.out","p6","d6"
14,"cf","p6","p7"
15,"df.in","d1","p7"
16,"df.in","d2","p7"
17,"df.out","p7","d7"
18,"cf","p7","p8"
19,"df.in","d1","p8"
20,"df.in","d5","p8"
21,"df.out","p8","d8"
22,"cf","p8","p9"
23,"df.in","d6","p9"
24,"cf","p9","p10"
25,"df.in","d7","p10"
26,"cf","p10","p11"
27,"df.out","p11","d9"
